{
  "formatVersion": 1,
  "database": {
    "version": 2,
    "identityHash": "5397911d71c709c597c58f83d5bbdb14",
    "entities": [
      {
        "tableName": "Peer",
        "createSql": "CREATE TABLE IF NOT EXISTS `${TABLE_NAME}` (`id` INTEGER PRIMARY KEY AUTOINCREMENT NOT NULL, `name` TEXT, `timestamp` INTEGER, `latitude` REAL, `longitude` REAL)",
        "fields": [
          {
            "fieldPath": "id",
            "columnName": "id",
            "affinity": "INTEGER",
            "notNull": true
          },
          {
            "fieldPath": "name",
            "columnName": "name",
            "affinity": "TEXT",
            "notNull": false
          },
          {
            "fieldPath": "timestamp",
            "columnName": "timestamp",
            "affinity": "INTEGER",
            "notNull": false
          },
          {
            "fieldPath": "latitude",
            "columnName": "latitude",
            "affinity": "REAL",
            "notNull": false
          },
          {
            "fieldPath": "longitude",
            "columnName": "longitude",
            "affinity": "REAL",
            "notNull": false
          }
        ],
        "primaryKey": {
          "columnNames": [
            "id"
          ],
          "autoGenerate": true
        },
        "indices": [],
        "foreignKeys": []
      },
      {
        "tableName": "Message",
        "createSql": "CREATE TABLE IF NOT EXISTS `${TABLE_NAME}` (`id` INTEGER PRIMARY KEY AUTOINCREMENT NOT NULL, `seqNum` INTEGER NOT NULL, `chatRoom` TEXT, `messageText` TEXT, `timestamp` INTEGER, `latitude` REAL, `longitude` REAL, `sender` TEXT, `senderId` INTEGER NOT NULL, FOREIGN KEY(`senderId`) REFERENCES `Peer`(`id`) ON UPDATE NO ACTION ON DELETE CASCADE )",
        "fields": [
          {
            "fieldPath": "id",
            "columnName": "id",
            "affinity": "INTEGER",
            "notNull": true
          },
          {
            "fieldPath": "seqNum",
            "columnName": "seqNum",
            "affinity": "INTEGER",
            "notNull": true
          },
          {
            "fieldPath": "chatRoom",
            "columnName": "chatRoom",
            "affinity": "TEXT",
            "notNull": false
          },
          {
            "fieldPath": "messageText",
            "columnName": "messageText",
            "affinity": "TEXT",
            "notNull": false
          },
          {
            "fieldPath": "timestamp",
            "columnName": "timestamp",
            "affinity": "INTEGER",
            "notNull": false
          },
          {
            "fieldPath": "latitude",
            "columnName": "latitude",
            "affinity": "REAL",
            "notNull": false
          },
          {
            "fieldPath": "longitude",
            "columnName": "longitude",
            "affinity": "REAL",
            "notNull": false
          },
          {
            "fieldPath": "sender",
            "columnName": "sender",
            "affinity": "TEXT",
            "notNull": false
          },
          {
            "fieldPath": "senderId",
            "columnName": "senderId",
            "affinity": "INTEGER",
            "notNull": true
          }
        ],
        "primaryKey": {
          "columnNames": [
            "id"
          ],
          "autoGenerate": true
        },
        "indices": [
          {
            "name": "index_Message_senderId",
            "unique": false,
            "columnNames": [
              "senderId"
            ],
            "createSql": "CREATE INDEX IF NOT EXISTS `index_Message_senderId` ON `${TABLE_NAME}` (`senderId`)"
          }
        ],
        "foreignKeys": [
          {
            "table": "Peer",
            "onDelete": "CASCADE",
            "onUpdate": "NO ACTION",
            "columns": [
              "senderId"
            ],
            "referencedColumns": [
              "id"
            ]
          }
        ]
      }
    ],
    "views": [],
    "setupQueries": [
      "CREATE TABLE IF NOT EXISTS room_master_table (id INTEGER PRIMARY KEY,identity_hash TEXT)",
      "INSERT OR REPLACE INTO room_master_table (id,identity_hash) VALUES(42, '5397911d71c709c597c58f83d5bbdb14')"
    ]
  }
}